Player_Id,Player_Name,Season_Year,Average
8,"V Kohli",2008,15.00
8,"V Kohli",2009,22.36
8,"V Kohli",2010,27.91
8,"V Kohli",2011,46.42
8,"V Kohli",2012,27.54
8,"V Kohli",2013,45.64
8,"V Kohli",2014,27.62
8,"V Kohli",2015,45.91
8,"V Kohli",2016,80.75
19,"MEK Hussey",2008,84.00
19,"MEK Hussey",2010,18.50
19,"MEK Hussey",2011,41.00
19,"MEK Hussey",2012,32.63
19,"MEK Hussey",2013,52.36
19,"MEK Hussey",2014,23.22
19,"MEK Hussey",2015,19.25
20,"MS Dhoni",2008,41.40
20,"MS Dhoni",2009,41.50
20,"MS Dhoni",2010,31.89
20,"MS Dhoni",2011,43.56
20,"MS Dhoni",2012,29.75
20,"MS Dhoni",2013,41.91
20,"MS Dhoni",2014,74.20
20,"MS Dhoni",2015,31.00
20,"MS Dhoni",2016,40.57
21,"SK Raina",2008,38.27
21,"SK Raina",2009,31.00
21,"SK Raina",2010,44.00
21,"SK Raina",2011,31.29
21,"SK Raina",2012,25.94
21,"SK Raina",2013,42.15
21,"SK Raina",2014,43.58
21,"SK Raina",2015,24.93
21,"SK Raina",2016,28.50
31,"YK Pathan",2008,31.07
31,"YK Pathan",2009,21.75
31,"YK Pathan",2010,27.75
31,"YK Pathan",2011,28.30
31,"YK Pathan",2012,19.40
31,"YK Pathan",2013,30.18
31,"YK Pathan",2014,29.78
31,"YK Pathan",2015,44.57
31,"YK Pathan",2016,72.20
32,"SR Watson",2008,46.80
32,"SR Watson",2010,37.00
32,"SR Watson",2011,33.00
32,"SR Watson",2012,42.50
32,"SR Watson",2013,38.79
32,"SR Watson",2014,20.50
32,"SR Watson",2015,38.56
32,"SR Watson",2016,13.77
40,"G Gambhir",2008,44.50
40,"G Gambhir",2009,22.00
40,"G Gambhir",2010,30.78
40,"G Gambhir",2011,34.36
40,"G Gambhir",2012,36.88
40,"G Gambhir",2013,25.38
40,"G Gambhir",2014,22.33
40,"G Gambhir",2015,25.15
40,"G Gambhir",2016,38.54
42,"S Dhawan",2008,37.78
42,"S Dhawan",2009,10.00
42,"S Dhawan",2010,19.10
42,"S Dhawan",2011,33.33
42,"S Dhawan",2012,40.64
42,"S Dhawan",2013,38.88
42,"S Dhawan",2014,29.00
42,"S Dhawan",2015,27.15
42,"S Dhawan",2016,38.54
46,"RV Uthappa",2008,35.56
46,"RV Uthappa",2009,15.91
46,"RV Uthappa",2010,31.17
46,"RV Uthappa",2011,26.40
46,"RV Uthappa",2012,27.00
46,"RV Uthappa",2013,27.13
46,"RV Uthappa",2014,44.00
46,"RV Uthappa",2015,30.33
46,"RV Uthappa",2016,28.14
56,"A Symonds",2008,80.50
56,"A Symonds",2009,35.57
56,"A Symonds",2010,30.64
56,"A Symonds",2011,33.75
57,"RG Sharma",2008,36.73
57,"RG Sharma",2009,27.85
57,"RG Sharma",2010,28.86
57,"RG Sharma",2011,37.20
57,"RG Sharma",2012,30.93
57,"RG Sharma",2013,38.43
57,"RG Sharma",2014,30.00
57,"RG Sharma",2015,34.43
57,"RG Sharma",2016,44.45
85,"AM Rahane",2008,2.00
85,"AM Rahane",2009,24.00
85,"AM Rahane",2011,20.00
85,"AM Rahane",2012,40.00
85,"AM Rahane",2013,34.86
85,"AM Rahane",2014,28.25
85,"AM Rahane",2015,49.09
85,"AM Rahane",2016,43.64
100,"SE Marsh",2008,68.44
100,"SE Marsh",2010,49.00
100,"SE Marsh",2011,42.00
100,"SE Marsh",2012,30.55
100,"SE Marsh",2013,37.50
100,"SE Marsh",2014,35.00
100,"SE Marsh",2015,18.60
100,"SE Marsh",2016,31.80
104,"BJ Hodge",2008,4.00
104,"BJ Hodge",2009,40.56
104,"BJ Hodge",2010,24.75
104,"BJ Hodge",2011,35.63
104,"BJ Hodge",2012,30.63
104,"BJ Hodge",2013,41.86
104,"BJ Hodge",2014,33.67
110,"AB de Villiers",2008,19.00
110,"AB de Villiers",2009,51.67
110,"AB de Villiers",2010,15.86
110,"AB de Villiers",2011,34.67
110,"AB de Villiers",2012,39.88
110,"AB de Villiers",2013,37.30
110,"AB de Villiers",2014,35.91
110,"AB de Villiers",2015,46.64
110,"AB de Villiers",2016,52.85
133,"SR Tendulkar",2008,31.33
133,"SR Tendulkar",2009,33.09
133,"SR Tendulkar",2010,47.46
133,"SR Tendulkar",2011,42.54
133,"SR Tendulkar",2012,27.00
133,"SR Tendulkar",2013,20.21
154,"JP Duminy",2009,41.33
154,"JP Duminy",2010,31.40
154,"JP Duminy",2011,20.50
154,"JP Duminy",2012,81.33
154,"JP Duminy",2014,51.25
154,"JP Duminy",2015,41.40
154,"JP Duminy",2016,38.20
162,"CH Gayle",2009,26.29
162,"CH Gayle",2010,32.44
162,"CH Gayle",2011,67.11
162,"CH Gayle",2012,61.08
162,"CH Gayle",2013,60.00
162,"CH Gayle",2014,21.78
162,"CH Gayle",2015,40.92
162,"CH Gayle",2016,22.70
187,"DA Warner",2009,23.29
187,"DA Warner",2010,28.20
187,"DA Warner",2011,24.92
187,"DA Warner",2012,36.57
187,"DA Warner",2013,29.29
187,"DA Warner",2014,48.00
187,"DA Warner",2015,43.23
187,"DA Warner",2016,60.57
306,"SPD Smith",2012,40.22
306,"SPD Smith",2013,39.75
306,"SPD Smith",2014,38.00
306,"SPD Smith",2015,27.09
306,"SPD Smith",2016,45.00
320,"DA Miller",2012,32.67
320,"DA Miller",2013,59.71
320,"DA Miller",2014,44.60
320,"DA Miller",2015,32.45
320,"DA Miller",2016,16.10
