Venue_Id,Venue_Name,Player_Id,Player_Name,Total_Runs,Ranking
1,"M Chinnaswamy Stadium",8,"V Kohli",1759,1
2,"Punjab Cricket Association Stadium, Mohali",100,"SE Marsh",806,1
3,"Feroz Shah Kotla",41,"V Sehwag",933,1
4,"Wankhede Stadium",57,"RG Sharma",1235,1
5,"Eden Gardens",40,"G Gambhir",1149,1
6,"Sawai Mansingh Stadium",32,"SR Watson",836,1
7,"Rajiv Gandhi International Stadium, Uppal",42,"S Dhawan",897,1
8,"MA Chidambaram Stadium, Chepauk",21,"SK Raina",1302,1
9,"Dr DY Patil Sports Academy",46,"RV Uthappa",226,1
10,Newlands,6,"R Dravid",114,1
11,"St George's Park",154,"JP Duminy",139,1
12,Kingsmead,27,"Yuvraj Singh",182,1
13,"SuperSport Park",21,"SK Raina",182,1
14,"Buffalo Park",104,"BJ Hodge",73,1
15,"New Wanderers Stadium",9,"JH Kallis",151,1
16,"De Beers Diamond Oval",56,"A Symonds",90,1
17,"OUTsurance Oval",110,"AB de Villiers",90,1
18,"Brabourne Stadium",133,"SR Tendulkar",260,1
19,"Sardar Patel Stadium, Motera",85,"AM Rahane",308,1
20,"Barabati Stadium",46,"RV Uthappa",152,1
21,"Vidarbha Cricket Association Stadium, Jamtha",57,"RG Sharma",132,1
22,"Himachal Pradesh Cricket Association Stadium",100,"SE Marsh",334,1
23,"Nehru Stadium",64,"DPMD Jayawardene",111,1
24,"Holkar Cricket Stadium",64,"DPMD Jayawardene",82,1
25,"Dr. Y.S. Rajasekhara Reddy ACA-VDCA Cricket Stadium",42,"S Dhawan",259,1
26,"Subrata Roy Sahara Stadium",46,"RV Uthappa",440,1
27,"Shaheed Veer Narayan Singh International Stadium",187,"DA Warner",207,1
28,"JSCA International Stadium Complex",20,"MS Dhoni",138,1
29,"Sheikh Zayed Stadium",85,"AM Rahane",154,1
30,"Sharjah Cricket Stadium",305,"GJ Maxwell",184,1
31,"Dubai International Cricket Stadium",187,"DA Warner",123,1
32,"Maharashtra Cricket Association Stadium",85,"AM Rahane",226,1
32,"Maharashtra Cricket Association Stadium",306,"SPD Smith",226,1
33,"Punjab Cricket Association IS Bindra Stadium, Mohali",185,"M Vijay",260,1
34,"Saurashtra Cricket Association Stadium",21,"SK Raina",169,1
35,"Green Park",21,"SK Raina",111,1
