Venue_Id,Venue_Name,No_of_Wins,No_of_Losses
1,"M Chinnaswamy Stadium",29,25
2,"Punjab Cricket Association Stadium, Mohali",2,3
3,"Feroz Shah Kotla",4,2
4,"Wankhede Stadium",3,4
5,"Eden Gardens",3,4
6,"Sawai Mansingh Stadium",3,2
7,"Rajiv Gandhi International Stadium, Uppal",2,5
8,"MA Chidambaram Stadium, Chepauk",2,6
9,"Dr DY Patil Sports Academy",1,1
10,Newlands,1,1
12,Kingsmead,3,1
13,"SuperSport Park",2,1
15,"New Wanderers Stadium",3,1
28,"JSCA International Stadium Complex",1,2
30,"Sharjah Cricket Stadium",1,1
31,"Dubai International Cricket Stadium",1,1
