Season_Year,Team_Name,Total_Score,Prev_Total_Score,Total_Wickets,Prev_Total_Wickets,Performance_Status
2008,Chennai Super Kings,2520,-,93,-,First Season
2009,Chennai Super Kings,2231,2520,91,93,Decline
2010,Chennai Super Kings,2595,2231,102,91,Better
2011,Chennai Super Kings,2560,2595,91,102,Decline
2012,Chennai Super Kings,2831,2560,108,91,Better
2013,Chennai Super Kings,2778,2831,123,108,Decline
2014,Chennai Super Kings,2650,2778,98,123,Decline
2015,Chennai Super Kings,2725,2650,113,98,Better
2008,Deccan Chargers,2229,-,67,-,First Season
2009,Deccan Chargers,2408,2229,110,67,Better
2010,Deccan Chargers,2374,2408,102,110,Decline
2011,Deccan Chargers,2140,2374,84,102,Decline
2012,Deccan Chargers,2312,2140,83,84,Decline
2008,Delhi Daredevils,2118,-,96,-,First Season
2009,Delhi Daredevils,2131,2118,106,96,Better
2010,Delhi Daredevils,2155,2131,96,106,Decline
2011,Delhi Daredevils,2087,2155,67,96,Decline
2012,Delhi Daredevils,2645,2087,101,67,Better
2013,Delhi Daredevils,2234,2645,76,101,Decline
2014,Delhi Daredevils,2076,2234,60,76,Decline
2015,Delhi Daredevils,2048,2076,74,60,Decline
2016,Delhi Daredevils,2104,2048,77,74,Better
2016,Gujarat Lions,2450,-,81,-,First Season
2008,Kings XI Punjab,2464,-,95,-,First Season
2009,Kings XI Punjab,1924,2464,76,95,Decline
2010,Kings XI Punjab,2278,1924,74,76,Decline
2011,Kings XI Punjab,2220,2278,81,74,Decline
2012,Kings XI Punjab,2274,2220,93,81,Better
2013,Kings XI Punjab,2428,2274,82,93,Decline
2014,Kings XI Punjab,2987,2428,113,82,Better
2015,Kings XI Punjab,2003,2987,70,113,Decline
2016,Kings XI Punjab,2134,2003,73,70,Better
2011,Kochi Tuskers Kerala,1901,-,74,-,First Season
2008,Kolkata Knight Riders,1936,-,70,-,First Season
2009,Kolkata Knight Riders,1757,1936,59,70,Decline
2010,Kolkata Knight Riders,2144,1757,73,59,Better
2011,Kolkata Knight Riders,2023,2144,88,73,Decline
2012,Kolkata Knight Riders,2504,2023,107,88,Better
2013,Kolkata Knight Riders,2290,2504,97,107,Decline
2014,Kolkata Knight Riders,2488,2290,95,97,Decline
2015,Kolkata Knight Riders,2044,2488,79,95,Decline
2016,Kolkata Knight Riders,2263,2044,94,79,Better
2008,Mumbai Indians,2080,-,94,-,First Season
2009,Mumbai Indians,1897,2080,81,94,Decline
2010,Mumbai Indians,2737,1897,101,81,Better
2011,Mumbai Indians,2288,2737,103,101,Decline
2012,Mumbai Indians,2455,2288,106,103,Better
2013,Mumbai Indians,2971,2455,123,106,Better
2014,Mumbai Indians,2353,2971,73,123,Decline
2015,Mumbai Indians,2734,2353,95,73,Better
2016,Mumbai Indians,2194,2734,68,95,Decline
2011,Pune Warriors,1775,-,76,-,First Season
2012,Pune Warriors,2321,1775,79,76,Better
2013,Pune Warriors,2154,2321,83,79,Decline
2008,Rajasthan Royals,2597,-,109,-,First Season
2009,Rajasthan Royals,1688,2597,86,109,Decline
2010,Rajasthan Royals,2179,1688,80,86,Decline
2011,Rajasthan Royals,1683,2179,62,80,Decline
2012,Rajasthan Royals,2390,1683,92,62,Better
2013,Rajasthan Royals,2588,2390,112,92,Better
2014,Rajasthan Royals,2155,2588,84,112,Decline
2015,Rajasthan Royals,2137,2155,74,84,Decline
2016,Rising Pune Supergiants,2063,-,76,-,First Season
2008,Royal Challengers Bangalore,1983,-,66,-,First Season
2009,Royal Challengers Bangalore,2280,1983,88,66,Better
2010,Royal Challengers Bangalore,2401,2280,94,88,Better
2011,Royal Challengers Bangalore,2465,2401,87,94,Decline
2012,Royal Challengers Bangalore,2466,2465,89,87,Better
2013,Royal Challengers Bangalore,2571,2466,103,89,Better
2014,Royal Challengers Bangalore,2093,2571,73,103,Decline
2015,Royal Challengers Bangalore,2309,2093,103,73,Better
2016,Royal Challengers Bangalore,2977,2309,99,103,Decline
2013,Sunrisers Hyderabad,2298,-,111,-,First Season
2014,Sunrisers Hyderabad,2102,2298,76,111,Decline
2015,Sunrisers Hyderabad,2210,2102,79,76,Better
2016,Sunrisers Hyderabad,2673,2210,98,79,Better
