Player_Id,Player_Name,Total_Runs,Total_Balls,Strike_Rate,,,Player_Id,Player_Name,Total_Runs,Total_Dismissals,Average,,Player_Id,Player_Name,Total_Wickets,Total_Runs_Conceded,Bowling_Average,,,
413,KH Pandya,237,124,191.13,,,176,MN van Wyk,167,3,55.67,,194,SL Malinga,143,2546,17.8,,,
402,SN Khan,177,102,173.53,,,398,J Suchith,48,1,48,,248,DE Bollinger,37,693,18.73,,,
334,AD Russell,527,306,172.22,,,383,LMP Simmons,942,20,47.1,,270,S Aravind,40,764,19.1,,,
110,AB de Villiers,1968,1173,167.77,,,230,AC Voges,181,4,45.25,,315,SP Narine,85,1630,19.18,,,
350,CH Morris,285,171,166.67,,,162,CH Gayle,3447,80,43.09,,90,MF Maharoof,27,520,19.26,,,
305,GJ Maxwell,913,558,163.62,,,350,CH Morris,285,7,40.71,,378,MA Starc,34,693,20.38,,,
325,A Ashish Reddy,245,164,149.39,,,241,PD Collingwood,203,5,40.6,,386,Imran Tahir,29,623,21.48,,,
221,KA Pollard,1320,888,148.65,,,100,SE Marsh,2225,55,40.45,,367,Sandeep Sharma,54,1189,22.02,,,
320,DA Miller,1382,952,145.17,,,154,JP Duminy,1993,50,39.86,,382,YS Chahal,56,1236,22.07,,,
187,DA Warner,2348,1624,144.58,,,413,KH Pandya,237,6,39.5,,196,A Singh,28,620,22.14,,,
,,,,,,,20,MS Dhoni,3270,83,39.4,,126,MM Patel,73,1641,22.48,,,
,,,,,,,110,AB de Villiers,3270,83,39.4,,71,DJ Bravo,122,2755,22.58,,,
,,,,,,,19,MEK Hussey,1977,51,38.76,,309,KK Cooper,33,757,22.94,,,
,,,,,,,8,V Kohli,4105,108,38.01,,299,B Kumar,85,1964,23.11,,,
,,,,,,,187,DA Warner,3373,89,37.9,,188,RJ Harris,45,1047,23.27,,,
,,,,,,,158,KP Pietersen,1001,27,37.07,,80,DS Kulkarni,73,1704,23.34,,,
,,,,,,,18,ML Hayden,1107,30,36.9,,73,A Nehra,98,2298,23.45,,,
,,,,,,,306,SPD Smith,1241,34,36.5,,136,A Mishra,124,2912,23.48,,,
,,,,,,,409,MP Stoinis,146,4,36.5,,403,MJ McClenaghan,35,822,23.49,,,
,,,,,,,320,DA Miller,1480,41,36.1,,124,A Kumble,45,1058,23.51,,,
,average of average runs is 15.70,,,,,,56,A Symonds,974,27,36.07,,364,MM Sharma,70,1666,23.8,,,
,avg of bowling avg ,,27.88,,,,85,AM Rahane,2675,76,35.2,,321,Azhar Mahmood,29,700,24.14,,,
,,,,,,,250,B Sumanth,35,1,35,,350,CH Morris,42,1034,24.62,,,
,,,,,,,431,N Rana,104,3,34.67,,276,Shakib Al Hasan,43,1070,24.88,,,
,,,,,,,57,RG Sharma,3874,114,33.98,,201,R Ashwin,100,2499,24.99,,,
highest strike rate:,,,,,,,133,SR Tendulkar,2329,69,33.75,,94,DW Steyn,92,2321,25.23,,,
,,,,,,,204,OA Shah,506,15,33.73,,38,SK Warne,57,1447,25.39,,,
,,,,,,,21,SK Raina,4106,122,33.66,,357,MG Johnson,53,1351,25.49,,,
,,,,,,,104,BJ Hodge,1400,42,33.33,,67,PP Chawla,120,3082,25.68,,,
,,,,,,,32,SR Watson,2553,79,32.32,,61,RP Singh,90,2332,25.91,,,
,,,,,,,42,S Dhawan,3082,96,32.1,,131,PP Ojha,89,2332,26.2,,,
,,,,,,,372,CJ Anderson,379,12,31.58,,50,Harbhajan Singh,119,3119,26.21,,,
,,,,,,,155,A Flintoff,62,2,31,,333,P Awana,39,1028,26.36,,,
,,,,,,,31,YK Pathan,2779,90,30.88,,121,M Muralitharan,64,1706,26.66,,,
,,,,,,,40,G Gambhir,3634,118,30.8,,151,L Balaji,76,2028,26.68,,,
,,,,,,,23,S Badrinath,1441,47,30.66,,15,Z Khan,92,2469,26.84,,,
,,,,,,,303,F du Plessis,1287,42,30.64,,163,MC Henriques,37,996,26.92,,,
,,,,,,,401,D Wiese,122,4,30.5,,267,WD Parnell,26,701,26.96,,,
,,,,,,,138,NK Patel,121,4,30.25,,32,SR Watson,81,2186,26.99,,,
,,,,,,,354,KL Rahul,725,24,30.21,,256,Harmeet Singh,27,731,27.07,,,
,,,,,,,46,RV Uthappa,3390,114,29.74,,190,M Morkel,77,2089,27.13,,,
,,,,,,,161,RS Bopara,531,18,29.5,,235,R Sharma,40,1086,27.15,,,
,,,,,,,402,SN Khan,177,6,29.5,,374,AR Patel,43,1185,27.56,,,
,,,,,,,87,MK Tiwary,1324,45,29.42,,140,Iqbal Abdulla,38,1054,27.74,,,
,,,,,,,147,DR Smith,2146,73,29.4,,109,JA Morkel,85,2359,27.75,,,
,,,,,,,275,JEC Franklin,321,11,29.18,,35,RA Jadeja,77,2157,28.01,,,RA Jadeja
,,,,,,,355,Q de Kock,726,25,29.04,,223,DP Nannes,28,785,28.04,,,DP Nannes
,,,,,,,221,KA Pollard,1959,68,28.81,,89,R Bhatia,69,1965,28.48,,,R Bhatia
,,,,,,,9,JH Kallis,2427,85,28.55,,81,R Vinay Kumar,101,2886,28.57,,,R Vinay Kumar
,,,,,,,74,GC Smith,739,26,28.42,,106,AB Dinda,68,1954,28.74,,,AB Dinda
,,,,,,,64,DPMD Jayawardene,1808,64,28.25,,310,JP Faulkner,53,1530,28.87,,,JP Faulkner
,,,,,,,6,R Dravid,2170,77,28.18,,334,AD Russell,31,896,28.9,,,AD Russell
,,,,,,,11,MV Boucher,394,14,28.14,,39,SK Trivedi,65,1904,29.29,,,SK Trivedi
,,,,,,,2,BB McCullum,2435,87,27.99,,27,Yuvraj Singh,35,1032,29.49,,,Yuvraj Singh
,,,,,,,313,DJ Harris,111,4,27.75,,186,SB Jakati,47,1399,29.77,,,SB Jakati
,,,,,,,254,AJ Finch,1304,47,27.74,,77,S Sreesanth,40,1194,29.85,,,S Sreesanth
,,,,,,,97,HH Gibbs,886,32,27.69,,311,HV Patel,31,928,29.94,,,HV Patel
,,,,,,,208,AT Rayudu,2325,84,27.68,,370,PV Tambe,28,853,30.46,,,PV Tambe
,,,,,,,103,Salman Butt,193,7,27.57,,346,JD Unadkat,32,986,30.81,,,JD Unadkat
,,,,,,,353,BJ Rohrer,193,7,27.57,,166,KV Sharma,36,1109,30.81,,,KV Sharma
,,,,,,,41,V Sehwag,2728,99,27.56,,221,KA Pollard,56,1740,31.07,,,KA Pollard
,,,,,,,4,DJ Hussey,1322,48,27.54,,232,UT Yadav,74,2312,31.24,,,UT Yadav
,,,,,,,139,LA Pomersbach,302,11,27.45,,175,DL Vettori,28,878,31.36,,,DL Vettori
,,,,,,,44,ST Jayasuriya,768,28,27.43,,192,J Botha,25,796,31.84,,,J Botha
,,,,,,,53,AC Gilchrist,2069,76,27.22,,116,PJ Sangwan,30,970,32.33,,,PJ Sangwan
,,,,,,,417,TM Head,54,2,27,,29,IK Pathan,80,2615,32.69,,,MN van Wyk
,,,,,,,10,CL White,971,36,26.97,,280,NLTC Perera,31,1016,32.77,,,J Suchith
,,,,,,,135,TM Dilshan,1159,43,26.95,,31,YK Pathan,40,1352,33.8,,,LMP Simmons
,,,,,,,185,M Vijay,2511,94,26.71,,120,MS Gony,37,1255,33.92,,,AC Voges
,,,,,,,339,KK Nair,877,33,26.58,,296,VR Aaron,31,1056,34.06,,,CH Gayle
,,,,,,,96,MK Pandey,1827,69,26.48,,9,JH Kallis,65,2293,35.28,,,CH Morris
,,,,,,,427,HM Amla,157,6,26.17,,84,I Sharma,58,2050,35.34,,,PD Collingwood
,,,,,,,334,AD Russell,574,22,26.09,,14,P Kumar,84,3100,36.9,,,SE Marsh
,,,,,,,25,JR Hopes,417,16,26.06,,375,JJ Bumrah,26,961,36.96,,,JP Duminy
,,,,,,,281,NL McCullum,26,1,26,,191,AD Mathews,27,1023,37.89,,,KH Pandya
,,,,,,,26,KC Sangakkara,1687,65,25.95,,293,S Nadeem,31,1200,38.71,,,MS Dhoni
,,,,,,,62,WP Saha,1323,51,25.94,,82,AB Agarkar,29,1151,39.69,,,AB de Villiers
,,,,,,,79,SS Tiwary,1109,43,25.79,,66,B Lee,25,1095,43.8,,,MEK Hussey
,,,,,,,69,Kamran Akmal,128,5,25.6,,83,M Kartik,31,1388,44.77,,,V Kohli
,,,,,,,197,GJ Bailey,663,26,25.5,,,,,,,,,DA Warner
,,,,,,,407,JC Buttler,255,10,25.5,,,,,,,,,KP Pietersen
,,,,,,,1,SC Ganguly,1349,53,25.45,,,,,,,,,ML Hayden
,,,,,,,52,LRPL Taylor,1017,40,25.43,,,,,,,,,SPD Smith
,,,,,,,27,Yuvraj Singh,2339,92,25.42,,,,,,,,,MP Stoinis
,,,,,,,351,SV Samson,1040,42,24.76,,,,,,,,,DA Miller
,,,,,,,420,RR Pant,198,8,24.75,,,,,,,,,A Symonds
,,,,,,,163,MC Henriques,692,28,24.71,,,,,,,,,
,,,,,,,393,SS Iyer,469,19,24.68,,,,,,,,,
,,,,,,,327,BB Samantray,123,5,24.6,,,,,,,,,
,,,,,,,369,Sachin Baby,122,5,24.4,,,,,,,,,
,,,,,,,109,JA Morkel,975,40,24.38,,,,,,,,,
,,,,,,,385,BCJ Cutting,73,3,24.33,,,,,,,,,
,,,,,,,345,M Vohra,728,30,24.27,,,,,,,,,
,,,,,,,114,YV Takawale,192,8,24,,,,,,,,,
,,,,,,,88,KD Karthik,2542,106,23.98,,,,,,,,,
,,,,,,,191,AD Mathews,692,29,23.86,,,,,,,,,
,,,,,,,28,SM Katich,237,10,23.7,,,,,,,,,
,,,,,,,305,GJ Maxwell,919,39,23.56,,,,,,,,,
,,,,,,,284,RN ten Doeschate,326,14,23.29,,,,,,,,,
,,,,,,,224,MJ Lumb,278,12,23.17,,,,,,,,,
,,,,,,,35,RA Jadeja,1574,68,23.15,,,,,,,,,
,,,,,,,71,DJ Bravo,1254,55,22.8,,,,,,,,,
,,,,,,,167,PC Valthaty,501,22,22.77,,,,,,,,,
,,,,,,,301,S Rana,91,4,22.75,,,,,,,,,
,,,,,,,237,KM Jadhav,584,26,22.46,,,,,,,,,
,,,,,,,54,Y Venugopal Rao,985,44,22.39,,,,,,,,,
,,,,,,,336,CA Lynn,89,4,22.25,,,,,,,,,
,,,,,,,396,KS Williamson,155,7,22.14,,,,,,,,,
,,,,,,,29,IK Pathan,1148,52,22.08,,,,,,,,,
,,,,,,,421,SW Billings,88,4,22,,,,,,,,,
,,,,,,,216,EJG Morgan,789,36,21.92,,,,,,,,,
,,,,,,,308,SA Yadav,503,23,21.87,,,,,,,,,
,,,,,,,107,SP Fleming,196,9,21.78,,,,,,,,,
,,,,,,,171,M Manhas,501,23,21.78,,,,,,,,,
,,,,,,,330,AP Majumdar,87,4,21.75,,,,,,,,,
,,,,,,,95,DB Das,304,14,21.71,,,,,,,,,
,,,,,,,276,Shakib Al Hasan,499,23,21.7,,,,,,,,,
,,,,,,,157,JD Ryder,604,28,21.57,,,,,,,,,
,,,,,,,169,AS Raut,194,9,21.56,,,,,,,,,
,,,,,,,310,JP Faulkner,473,22,21.5,,,,,,,,,
,,,,,,,358,LJ Wright,106,5,21.2,,,,,,,,,
,,,,,,,17,PA Patel,1927,91,21.18,,,,,,,,,
,,,,,,,426,UT Khawaja,127,6,21.17,,,,,,,,,
,,,,,,,101,SA Asnodkar,423,20,21.15,,,,,,,,,
,,,,,,,178,TL Suman,676,32,21.13,,,,,,,,,
,,,,,,,183,NV Ojha,1474,70,21.06,,,,,,,,,
,,,,,,,214,MS Bisla,798,38,21,,,,,,,,,
,,,,,,,227,AB Barath,42,2,21,,,,,,,,,
,,,,,,,228,Bipul Sharma,147,7,21,,,,,,,,,
,,,,,,,255,STR Binny,688,33,20.85,,,,,,,,,
,,,,,,,203,CA Pujara,390,19,20.53,,,,,,,,,
,,,,,,,236,Mandeep Singh,924,45,20.53,,,,,,,,,
,,,,,,,192,J Botha,409,20,20.45,,,,,,,,,
,,,,,,,321,Azhar Mahmood,388,19,20.42,,,,,,,,,
,,,,,,,199,Y Nagar,285,14,20.36,,,,,,,,,
,,,,,,,182,LA Carseldine,81,4,20.25,,,,,,,,,
,,,,,,,111,LPC Silva,40,2,20,,,,,,,,,
,,,,,,,186,SB Jakati,20,1,20,,,,,,,,,
,,,,,,,210,R McLaren,159,8,19.88,,,,,,,,,
,,,,,,,356,R Dhawan,139,7,19.86,,,,,,,,,
,,,,,,,112,DB Ravi Teja,375,19,19.74,,,,,,,,,
,,,,,,,362,DJG Sammy,295,15,19.67,,,,,,,,,
,,,,,,,280,NLTC Perera,423,22,19.23,,,,,,,,,
,,,,,,,266,AL Menaria,401,21,19.1,,,,,,,,,
,,,,,,,225,DR Martyn,19,1,19,,,,,,,,,
,,,,,,,300,Y Gnaneswara Rao,19,1,19,,,,,,,,,
,,,,,,,412,P Sahu,19,1,19,,,,,,,,,
,,,,,,,415,MJ Guptill,57,3,19,,,,,,,,,
,,,,,,,258,DT Christian,341,18,18.94,,,,,,,,,
,,,,,,,253,MR Marsh,225,12,18.75,,,,,,,,,
,,,,,,,93,B Chipli,280,15,18.67,,,,,,,,,
,,,,,,,325,A Ashish Reddy,280,15,18.67,,,,,,,,,
,,,,,,,65,S Sohal,368,20,18.4,,,,,,,,,
,,,,,,,49,SM Pollock,147,8,18.38,,,,,,,,,
,,,,,,,260,MA Agarwal,788,43,18.33,,,,,,,,,
,,,,,,,229,FY Fazal,183,10,18.3,,,,,,,,,
,,,,,,,76,RR Sarwan,73,4,18.25,,,,,,,,,
,,,,,,,288,M Klinger,73,4,18.25,,,,,,,,,
,,,,,,,108,S Vidyut,145,8,18.13,,,,,,,,,
,,,,,,,58,SB Styris,126,7,18,,,,,,,,,
,,,,,,,279,BJ Haddin,18,1,18,,,,,,,,,
,,,,,,,342,R Shukla,18,1,18,,,,,,,,,
,,,,,,,82,AB Agarkar,179,10,17.9,,,,,,,,,
,,,,,,,338,MC Juneja,125,7,17.86,,,,,,,,,
,,,,,,,90,MF Maharoof,177,10,17.7,,,,,,,,,
,,,,,,,48,AM Nayar,672,38,17.68,,,,,,,,,
,,,,,,,322,P Negi,209,12,17.42,,,,,,,,,
,,,,,,,374,AR Patel,379,22,17.23,,,,,,,,,
,,,,,,,289,AC Blizzard,120,7,17.14,,,,,,,,,
,,,,,,,245,AP Dole,34,2,17,,,,,,,,,
,,,,,,,360,CM Gautam,169,10,16.9,,,,,,,,,
,,,,,,,113,Misbah-ul-Haq,117,7,16.71,,,,,,,,,
,,,,,,,211,AA Jhunjhunwala,217,13,16.69,,,,,,,,,
,,,,,,,277,DH Yagnik,166,10,16.6,,,,,,,,,
,,,,,,,37,D Salunkhe,33,2,16.5,,,,,,,,,
,,,,,,,331,PA Reddy,164,10,16.4,,,,,,,,,
,,,,,,,295,CJ Ferguson,98,6,16.33,,,,,,,,,
,,,,,,,328,MJ Clarke,98,6,16.33,,,,,,,,,
,,,,,,,329,Gurkeerat Singh,342,21,16.29,,,,,,,,,
,,,,,,,7,W Jaffer,130,8,16.25,,,,,,,,,
,,,,,,,132,SP Goswami,241,15,16.07,,,,,,,,,
,,,,,,,390,R Tewatia,16,1,16,,,,,,,,,
,,,,,,,50,Harbhajan Singh,783,49,15.98,,,,,,,,,
,,,,,,,209,R Sathish,270,17,15.88,,,,,,,,,
,,,,,,,205,Anirudh Singh,63,4,15.75,,,,,,,,,
,,,,,,,340,GH Vihari,280,18,15.56,,,,,,,,,
,,,,,,,249,S Sriram,31,2,15.5,,,,,,,,,
,,,,,,,166,KV Sharma,232,15,15.47,,,,,,,,,
,,,,,,,207,AP Tare,321,21,15.29,,,,,,,,,
,,,,,,,175,DL Vettori,121,8,15.13,,,,,,,,,
,,,,,,,180,GR Napier,15,1,15,,,,,,,,,
,,,,,,,251,C Madan,15,1,15,,,,,,,,,
,,,,,,,262,UBT Chand,300,20,15,,,,,,,,,
,,,,,,,285,TR Birt,75,5,15,,,,,,,,,
,,,,,,,55,VVS Laxman,282,19,14.84,,,,,,,,,
,,,,,,,231,MD Mishra,237,16,14.81,,,,,,,,,
,,,,,,,63,LR Shukla,399,27,14.78,,,,,,,,,
,,,,,,,168,RJ Quiney,103,7,14.71,,,,,,,,,
,,,,,,,307,MN Samuels,132,9,14.67,,,,,,,,,
,,,,,,,125,S Anirudha,117,8,14.63,,,,,,,,,
,,,,,,,24,K Goel,218,15,14.53,,,,,,,,,
,,,,,,,177,RE van der Merwe,145,10,14.5,,,,,,,,,
,,,,,,,384,VH Zol,29,2,14.5,,,,,,,,,
,,,,,,,33,M Kaif,259,18,14.39,,,,,,,,,
,,,,,,,148,SD Chitnis,99,7,14.14,,,,,,,,,
,,,,,,,319,N Saini,140,10,14,,,,,,,,,
,,,,,,,376,JDS Neesham,42,3,14,,,,,,,,,
,,,,,,,304,RE Levi,83,6,13.83,,,,,,,,,
,,,,,,,408,CR Brathwaite,83,6,13.83,,,,,,,,,
,,,,,,,172,AA Bilakhia,69,5,13.8,,,,,,,,,
,,,,,,,378,MA Starc,96,7,13.71,,,,,,,,,
,,,,,,,379,BR Dunk,40,3,13.33,,,,,,,,,
,,,,,,,22,JDP Oram,106,8,13.25,,,,,,,,,
,,,,,,,263,DJ Jacobs,92,7,13.14,,,,,,,,,
,,,,,,,45,DJ Thornely,39,3,13,,,,,,,,,
,,,,,,,86,Shoaib Malik,52,4,13,,,,,,,,,
,,,,,,,105,Umar Gul,39,3,13,,,,,,,,,
,,,,,,,153,RR Powar,39,3,13,,,,,,,,,
,,,,,,,217,JM Kemp,26,2,13,,,,,,,,,
,,,,,,,400,HH Pandya,156,12,13,,,,,,,,,
,,,,,,,416,KJ Abbott,13,1,13,,,,,,,,,
,,,,,,,422,KC Cariappa,13,1,13,,,,,,,,,
,,,,,,,309,KK Cooper,116,9,12.89,,,,,,,,,
,,,,,,,67,PP Chawla,513,40,12.83,,,,,,,,,
,,,,,,,394,DJ Hooda,295,23,12.83,,,,,,,,,
,,,,,,,12,B Akhil,76,6,12.67,,,,,,,,,
,,,,,,,66,B Lee,124,10,12.4,,,,,,,,,
,,,,,,,226,S Narwal,37,3,12.33,,,,,,,,,
,,,,,,,72,MA Khote,24,2,12,,,,,,,,,
,,,,,,,102,Sohail Tanvir,36,3,12,,,,,,,,,
,,,,,,,115,RR Raje,12,1,12,,,,,,,,,
,,,,,,,433,ER Dwivedi,24,2,12,,,,,,,,,
,,,,,,,170,Yashpal Singh,47,4,11.75,,,,,,,,,
,,,,,,,403,MJ McClenaghan,47,4,11.75,,,,,,,,,
,,,,,,,232,UT Yadav,129,11,11.73,,,,,,,,,
,,,,,,,363,KW Richardson,35,3,11.67,,,,,,,,,
,,,,,,,198,AB McDonald,58,5,11.6,,,,,,,,,
,,,,,,,212,P Dogra,127,11,11.55,,,,,,,,,
,,,,,,,47,PR Shah,92,8,11.5,,,,,,,,,
,,,,,,,419,NS Naik,23,2,11.5,,,,,,,,,
,,,,,,,89,R Bhatia,326,29,11.24,,,,,,,,,
,,,,,,,98,DNT Zoysa,11,1,11,,,,,,,,,
,,,,,,,122,M Ntini,11,1,11,,,,,,,,,
,,,,,,,392,Karanveer Singh,11,1,11,,,,,,,,,
,,,,,,,81,R Vinay Kumar,304,28,10.86,,,,,,,,,
,,,,,,,136,A Mishra,291,27,10.78,,,,,,,,,
,,,,,,,257,IR Jaggi,43,4,10.75,,,,,,,,,
,,,,,,,264,Sunny Singh,43,4,10.75,,,,,,,,,
,,,,,,,323,RJ Peterson,32,3,10.67,,,,,,,,,
,,,,,,,190,M Morkel,117,11,10.64,,,,,,,,,
,,,,,,,380,RR Rossouw,53,5,10.6,,,,,,,,,
,,,,,,,201,R Ashwin,231,22,10.5,,,,,,,,,
,,,,,,,292,CA Ingram,21,2,10.5,,,,,,,,,
,,,,,,,129,T Taibu,31,3,10.33,,,,,,,,,
,,,,,,,349,R Rampaul,51,5,10.2,,,,,,,,,
,,,,,,,60,WPUJC Vaas,81,8,10.13,,,,,,,,,
,,,,,,,70,Shahid Afridi,81,8,10.13,,,,,,,,,
,,,,,,,3,RT Ponting,91,9,10.11,,,,,,,,,
,,,,,,,357,MG Johnson,131,13,10.08,,,,,,,,,
,,,,,,,140,Iqbal Abdulla,20,2,10,,,,,,,,,
,,,,,,,189,D du Preez,10,1,10,,,,,,,,,
,,,,,,,240,KAJ Roach,10,1,10,,,,,,,,,
,,,,,,,246,AN Ahmed,10,1,10,,,,,,,,,
,,,,,,,287,Harpreet Singh,20,2,10,,,,,,,,,
,,,,,,,352,SMSM Senanayake,10,1,10,,,,,,,,,
,,,,,,,361,X Thalaivan Sargunam,10,1,10,,,,,,,,,
,,,,,,,411,C Munro,30,3,10,,,,,,,,,
,,,,,,,38,SK Warne,198,20,9.9,,,,,,,,,
,,,,,,,120,MS Gony,99,10,9.9,,,,,,,,,
,,,,,,,314,Ankit Sharma,59,6,9.83,,,,,,,,,
,,,,,,,252,AG Paunikar,49,5,9.8,,,,,,,,,
,,,,,,,188,RJ Harris,117,12,9.75,,,,,,,,,
,,,,,,,124,A Kumble,29,3,9.67,,,,,,,,,
,,,,,,,239,KB Arun Karthik,48,5,9.6,,,,,,,,,
,,,,,,,152,A Mukund,19,2,9.5,,,,,,,,,
,,,,,,,274,AC Thomas,19,2,9.5,,,,,,,,,
,,,,,,,83,M Kartik,66,7,9.43,,,,,,,,,
,,,,,,,377,TG Southee,47,5,9.4,,,,,,,,,
,,,,,,,68,WA Mota,56,6,9.33,,,,,,,,,
,,,,,,,259,RV Gomez,46,5,9.2,,,,,,,,,
,,,,,,,5,Mohammad Hafeez,64,7,9.14,,,,,,,,,
,,,,,,,13,AA Noffke,9,1,9,,,,,,,,,
,,,,,,,34,DS Lehmann,18,2,9,,,,,,,,,
,,,,,,,119,Joginder Sharma,36,4,9,,,,,,,,,
,,,,,,,268,JJ van der Wath,18,2,9,,,,,,,,,
,,,,,,,367,Sandeep Sharma,9,1,9,,,,,,,,,
,,,,,,,14,P Kumar,332,37,8.97,,,,,,,,,
,,,,,,,128,A Chopra,53,6,8.83,,,,,,,,,
,,,,,,,15,Z Khan,113,13,8.69,,,,,,,,,
,,,,,,,299,B Kumar,153,18,8.5,,,,,,,,,
,,,,,,,410,Ishan Kishan,42,5,8.4,,,,,,,,,
,,,,,,,51,S Chanderpaul,25,3,8.33,,,,,,,,,
,,,,,,,84,I Sharma,33,4,8.25,,,,,,,,,
,,,,,,,137,AD Mascarenhas,74,9,8.22,,,,,,,,,
,,,,,,,92,TM Srivastava,8,1,8,,,,,,,,,
,,,,,,,206,Jaskaran Singh,8,1,8,,,,,,,,,
,,,,,,,318,CJ McKay,8,1,8,,,,,,,,,
,,,,,,,375,JJ Bumrah,8,1,8,,,,,,,,,
,,,,,,,94,DW Steyn,166,21,7.9,,,,,,,,,
,,,,,,,36,M Rawat,39,5,7.8,,,,,,,,,
,,,,,,,261,AUK Pathan,39,5,7.8,,,,,,,,,
,,,,,,,130,J Arunkumar,23,3,7.67,,,,,,,,,
,,,,,,,238,SW Tait,23,3,7.67,,,,,,,,,
,,,,,,,348,BMAJ Mendis,23,3,7.67,,,,,,,,,
,,,,,,,391,JO Holder,38,5,7.6,,,,,,,,,
,,,,,,,91,VY Mahesh,15,2,7.5,,,,,,,,,
,,,,,,,364,MM Sharma,60,8,7.5,,,,,,,,,
,,,,,,,366,Parvez Rasool,15,2,7.5,,,,,,,,,
,,,,,,,397,SA Abbott,15,2,7.5,,,,,,,,,
,,,,,,,126,MM Patel,37,5,7.4,,,,,,,,,
,,,,,,,271,MS Wade,22,3,7.33,,,,,,,,,
,,,,,,,316,GB Hogg,22,3,7.33,,,,,,,,,
,,,,,,,59,SB Bangar,49,7,7,,,,,,,,,
,,,,,,,267,WD Parnell,63,9,7,,,,,,,,,
,,,,,,,341,MDKJ Perera,14,2,7,,,,,,,,,
,,,,,,,365,UA Birla,7,1,7,,,,,,,,,
,,,,,,,428,F Behardien,14,2,7,,,,,,,,,
,,,,,,,43,L Ronchi,34,5,6.8,,,,,,,,,
,,,,,,,244,A Mithun,34,5,6.8,,,,,,,,,
,,,,,,,315,SP Narine,47,7,6.71,,,,,,,,,
,,,,,,,373,NJ Maddinson,20,3,6.67,,,,,,,,,
,,,,,,,414,AD Nath,20,3,6.67,,,,,,,,,
,,,,,,,123,DT Patil,13,2,6.5,,,,,,,,,
,,,,,,,164,R Bishnoi,19,3,6.33,,,,,,,,,
,,,,,,,80,DS Kulkarni,42,7,6,,,,,,,,,
,,,,,,,156,T Thushara,12,2,6,,,,,,,,,
,,,,,,,200,SS Shaikh,6,1,6,,,,,,,,,
,,,,,,,243,VS Malik,6,1,6,,,,,,,,,
,,,,,,,297,AA Chavan,12,2,6,,,,,,,,,
,,,,,,,395,Anureet Singh,18,3,6,,,,,,,,,
,,,,,,,423,PSP Handscomb,6,1,6,,,,,,,,,
,,,,,,,311,HV Patel,47,8,5.88,,,,,,,,,
,,,,,,,371,NM Coulter-Nile,29,5,5.8,,,,,,,,,
,,,,,,,159,T Henderson,11,2,5.5,,,,,,,,,
,,,,,,,127,CK Kapugedera,16,3,5.33,,,,,,,,,
,,,,,,,39,SK Trivedi,37,7,5.29,,,,,,,,,
,,,,,,,272,TD Paine,10,2,5,,,,,,,,,
,,,,,,,283,J Syed Mohammad,10,2,5,,,,,,,,,
,,,,,,,286,AG Murtaza,5,1,5,,,,,,,,,
,,,,,,,381,Shivam Sharma,5,1,5,,,,,,,,,
,,,,,,,235,R Sharma,66,14,4.71,,,,,,,,,
,,,,,,,194,SL Malinga,74,16,4.63,,,,,,,,,
,,,,,,,116,PJ Sangwan,18,4,4.5,,,,,,,,,
,,,,,,,256,Harmeet Singh,18,4,4.5,,,,,,,,,
,,,,,,,386,Imran Tahir,18,4,4.5,,,,,,,,,
,,,,,,,73,A Nehra,28,7,4,,,,,,,,,
,,,,,,,118,GD McGrath,4,1,4,,,,,,,,,
,,,,,,,151,L Balaji,32,8,4,,,,,,,,,
,,,,,,,165,FH Edwards,4,1,4,,,,,,,,,
,,,,,,,213,A Uniyal,4,1,4,,,,,,,,,
,,,,,,,223,DP Nannes,4,1,4,,,,,,,,,
,,,,,,,242,CK Langeveldt,8,2,4,,,,,,,,,
,,,,,,,343,B Laughlin,4,1,4,,,,,,,,,
,,,,,,,30,T Kohli,11,3,3.67,,,,,,,,,
,,,,,,,173,AN Ghosh,7,2,3.5,,,,,,,,,
,,,,,,,61,RP Singh,52,15,3.47,,,,,,,,,
,,,,,,,16,SB Joshi,6,2,3,,,,,,,,,
,,,,,,,99,D Kalyankrishna,3,1,3,,,,,,,,,
,,,,,,,141,Younis Khan,3,1,3,,,,,,,,,
,,,,,,,160,Kamran Khan,3,1,3,,,,,,,,,
,,,,,,,248,DE Bollinger,3,1,3,,,,,,,,,
,,,,,,,269,R Ninan,3,1,3,,,,,,,,,
,,,,,,,282,JE Taylor,3,1,3,,,,,,,,,
,,,,,,,425,J Yadav,6,2,3,,,,,,,,,
,,,,,,,434,CJ Jordan,3,1,3,,,,,,,,,
,,,,,,,347,Mohammed Shami,8,3,2.67,,,,,,,,,
,,,,,,,293,S Nadeem,23,9,2.56,,,,,,,,,
,,,,,,,121,M Muralitharan,15,6,2.5,,,,,,,,,
,,,,,,,370,PV Tambe,5,2,2.5,,,,,,,,,
,,,,,,,296,VR Aaron,7,3,2.33,,,,,,,,,
,,,,,,,106,AB Dinda,19,9,2.11,,,,,,,,,
,,,,,,,78,VRV Singh,4,2,2,,,,,,,,,
,,,,,,,144,Shoaib Akhtar,2,1,2,,,,,,,,,
,,,,,,,146,H Das,2,1,2,,,,,,,,,
,,,,,,,150,VS Yeligati,2,1,2,,,,,,,,,
,,,,,,,181,KP Appanna,2,1,2,,,,,,,,,
,,,,,,,202,Mohammad Ashraful,2,1,2,,,,,,,,,
,,,,,,,219,RS Gavaskar,2,1,2,,,,,,,,,
,,,,,,,278,S Randiv,2,1,2,,,,,,,,,
,,,,,,,388,S Gopal,2,1,2,,,,,,,,,
,,,,,,,117,Mohammad Asif,3,2,1.5,,,,,,,,,
,,,,,,,131,PP Ojha,16,12,1.33,,,,,,,,,
,,,,,,,75,Pankaj Singh,2,2,1,,,,,,,,,
,,,,,,,174,BAW Mendis,2,2,1,,,,,,,,,
,,,,,,,220,SE Bond,1,1,1,,,,,,,,,
,,,,,,,233,J Theron,2,2,1,,,,,,,,,
,,,,,,,234,SJ Srivastava,1,1,1,,,,,,,,,
,,,,,,,273,SB Wagh,2,2,1,,,,,,,,,
,,,,,,,346,JD Unadkat,1,1,1,,,,,,,,,
,,,,,,,389,M de Lange,1,1,1,,,,,,,,,
,,,,,,,404,DJ Muthuswami,1,1,1,,,,,,,,,
,,,,,,,77,S Sreesanth,2,4,0.5,,,,,,,,,
,,,,,,,179,Shoaib Ahmed,1,2,0.5,,,,,,,,,
,,,,,,,196,A Singh,2,4,0.5,,,,,,,,,
,,,,,,,333,P Awana,1,2,0.5,,,,,,,,,
,,,,,,,193,C Nanda,0,1,0,,,,,,,,,
,,,,,,,222,S Ladda,0,1,0,,,,,,,,,
,,,,,,,298,ND Doshi,0,1,0,,,,,,,,,
,,,,,,,302,BA Bhatt,0,1,0,,,,,,,,,
,,,,,,,317,RR Bhatkal,0,1,0,,,,,,,,,
,,,,,,,326,V Pratap Singh,0,1,0,,,,,,,,,
,,,,,,,337,Sunny Gupta,0,1,0,,,,,,,,,
,,,,,,,359,IC Pandey,0,1,0,,,,,,,,,
,,,,,,,387,BE Hendricks,0,1,0,,,,,,,,,
,,,,,,,405,PJ Cummins,0,1,0,,,,,,,,,
,,,,,,,418,M Ashwin,0,1,0,,,,,,,,,
,,,,,,,424,Swapnil Singh,0,1,0,,,,,,,,,
,,,,,,,430,A Zampa,0,1,0,,,,,,,,,
,,,,,,,432,S Kaushik,0,1,0,,,,,,,,,
