Player_Id,Player_Name,Total_Wickets,Total_Runs_Conceded,Bowling_Average
194,SL Malinga,143,2546,17.8
248,DE Bollinger,37,693,18.73
270,S Aravind,40,764,19.1
315,SP Narine,85,1630,19.18
90,MF Maharoof,27,520,19.26
378,MA Starc,34,693,20.38
386,Imran Tahir,29,623,21.48
367,Sandeep Sharma,54,1189,22.02
382,YS Chahal,56,1236,22.07
196,A Singh,28,620,22.14
126,MM Patel,73,1641,22.48
71,DJ Bravo,122,2755,22.58
309,KK Cooper,33,757,22.94
299,B Kumar,85,1964,23.11
188,RJ Harris,45,1047,23.27
80,DS Kulkarni,73,1704,23.34
73,A Nehra,98,2298,23.45
136,A Mishra,124,2912,23.48
403,MJ McClenaghan,35,822,23.49
124,A Kumble,45,1058,23.51
364,MM Sharma,70,1666,23.8
321,Azhar Mahmood,29,700,24.14
350,CH Morris,42,1034,24.62
276,Shakib Al Hasan,43,1070,24.88
201,R Ashwin,100,2499,24.99
94,DW Steyn,92,2321,25.23
38,SK Warne,57,1447,25.39
357,MG Johnson,53,1351,25.49
67,PP Chawla,120,3082,25.68
61,RP Singh,90,2332,25.91
131,PP Ojha,89,2332,26.2
50,Harbhajan Singh,119,3119,26.21
333,P Awana,39,1028,26.36
121,M Muralitharan,64,1706,26.66
151,L Balaji,76,2028,26.68
15,Z Khan,92,2469,26.84
163,MC Henriques,37,996,26.92
267,WD Parnell,26,701,26.96
32,SR Watson,81,2186,26.99
256,Harmeet Singh,27,731,27.07
190,M Morkel,77,2089,27.13
235,R Sharma,40,1086,27.15
374,AR Patel,43,1185,27.56
140,Iqbal Abdulla,38,1054,27.74
109,JA Morkel,85,2359,27.75
35,RA Jadeja,77,2157,28.01
223,DP Nannes,28,785,28.04
89,R Bhatia,69,1965,28.48
81,R Vinay Kumar,101,2886,28.57
106,AB Dinda,68,1954,28.74
310,JP Faulkner,53,1530,28.87
334,AD Russell,31,896,28.9
39,SK Trivedi,65,1904,29.29
27,Yuvraj Singh,35,1032,29.49
186,SB Jakati,47,1399,29.77
77,S Sreesanth,40,1194,29.85
311,HV Patel,31,928,29.94
370,PV Tambe,28,853,30.46
346,JD Unadkat,32,986,30.81
166,KV Sharma,36,1109,30.81
221,KA Pollard,56,1740,31.07
232,UT Yadav,74,2312,31.24
175,DL Vettori,28,878,31.36
192,J Botha,25,796,31.84
116,PJ Sangwan,30,970,32.33
29,IK Pathan,80,2615,32.69
280,NLTC Perera,31,1016,32.77
31,YK Pathan,40,1352,33.8
120,MS Gony,37,1255,33.92
296,VR Aaron,31,1056,34.06
9,JH Kallis,65,2293,35.28
84,I Sharma,58,2050,35.34
14,P Kumar,84,3100,36.9
375,JJ Bumrah,26,961,36.96
191,AD Mathews,27,1023,37.89
293,S Nadeem,31,1200,38.71
82,AB Agarkar,29,1151,39.69
66,B Lee,25,1095,43.8
83,M Kartik,31,1388,44.77
