Player_Id,Player_Name,Total_Runs,Batting_Average,Overall_Batting_Average,Total_Wickets,Bowling_Average,Overall_Bowling_Average
9,"JH Kallis",2427,28.55,15.71,65,35.28,35
29,"IK Pathan",1148,22.08,15.71,80,32.69,35
32,"SR Watson",2553,32.32,15.71,81,26.99,35
50,"Harbhajan Singh",783,15.98,15.71,119,26.21,35
31,"YK Pathan",2779,30.88,15.71,40,33.80,35
109,"JA Morkel",975,24.38,15.71,85,27.75,35
71,"DJ Bravo",1254,22.80,15.71,122,22.58,35
163,"MC Henriques",692,24.71,15.71,37,26.92,35
35,"RA Jadeja",1574,23.15,15.71,77,28.01,35
186,"SB Jakati",20,20.00,15.71,47,29.77,35
221,"KA Pollard",1959,28.81,15.71,56,31.07,35
276,"Shakib Al Hasan",499,21.70,15.71,43,24.88,35
310,"JP Faulkner",473,21.50,15.71,53,28.87,35
350,"CH Morris",285,40.71,15.71,42,24.62,35
374,"AR Patel",379,17.23,15.71,43,27.56,35
