Player_Name,Total_Runs,Total_number_of_outs,Average_Performance
"V Kohli",1474,23,64.09
"YK Pathan",673,12,56.08
"DA Warner",1410,27,52.22
"AB de Villiers",1200,24,50.00
"AM Rahane",1020,22,46.36
"LMP Simmons",548,13,42.15
"JP Duminy",605,15,40.33
"RG Sharma",971,25,38.84
"KL Rahul",539,14,38.50
"Q de Kock",567,15,37.80
"MS Dhoni",656,19,34.53
"SPD Smith",568,17,33.41
"KA Pollard",627,19,33.00
"S Dhawan",854,26,32.85
"CH Gayle",718,22,32.64
"AD Russell",514,16,32.13
"G Gambhir",828,26,31.85
"F du Plessis",586,19,30.84
"AT Rayudu",615,20,30.75
